{"w1": 9.517720731125918, "w2": -23.8217423982869, "b": 22.79221143637929}